ImageName,Target
h41_der.jpg,h
f104_izq.jpg,f
b19_der.jpg,b
n55_izq.jpg,n
l50_der.jpg,l
y86_izq.jpg,y
s43_der.jpg,s
t46_izq.jpg,t
s75_izq.jpg,s
a92_der.jpg,a
v30_izq.jpg,v
r68_der.jpg,r
d94_izq.jpg,d
p143_der.jpg,p
e42_izq.jpg,e
y45_der.jpg,y
f1_izq.jpg,f
i12_der.jpg,i
v52_der.jpg,v
p85_izq.jpg,p
p127_izq.jpg,p
v25_der.jpg,v
w27_der.jpg,w
r70_izq.jpg,r
u48_izq.jpg,u
f91_der.jpg,f
y72_izq.jpg,y
l47_izq.jpg,l
w58_izq.jpg,w
p78_izq.jpg,p
g106_der.jpg,g
p31_izq.jpg,p
i87_der.jpg,i
m13_der.jpg,m
w99_izq.jpg,w
v56_izq.jpg,v
t63_izq.jpg,t
m27_izq.jpg,m
f74_der.jpg,f
o24_izq.jpg,o
a130_der.jpg,a
i38_izq.jpg,i
g7_der.jpg,g
w70_der.jpg,w
v6_izq.jpg,v
v47_izq.jpg,v
b42_izq.jpg,b
t45_izq.jpg,t
a7_izq.jpg,a
m21_izq.jpg,m
d21_izq.jpg,d
u73_izq.jpg,u
u5_der.jpg,u
v12_der.jpg,v
c102_der.jpg,c
d124_der.jpg,d
i83_izq.jpg,i
p89_der.jpg,p
l87_der.jpg,l
d79_izq.jpg,d
s85_der.jpg,s
w63_izq.jpg,w
v85_der.jpg,v
l71_izq.jpg,l
s30_der.jpg,s
c84_der.jpg,c
p9_der.jpg,p
g12_izq.jpg,g
i25_izq.jpg,i
b56_der.jpg,b
f2_der.jpg,f
a15_der.jpg,a
p57_izq.jpg,p
m14_der.jpg,m
t92_der.jpg,t
t27_der.jpg,t
p172_der.jpg,p
w112_der.jpg,w
r38_izq.jpg,r
a98_izq.jpg,a
b111_der.jpg,b
e98_der.jpg,e
t79_izq.jpg,t
r32_izq.jpg,r
i31_der.jpg,i
g30_der.jpg,g
s87_izq.jpg,s
l16_izq.jpg,l
v56_der.jpg,v
v75_izq.jpg,v
d58_izq.jpg,d
e115_der.jpg,e
h18_der.jpg,h
e16_der.jpg,e
i78_der.jpg,i
l34_der.jpg,l
u96_der.jpg,u
m47_der.jpg,m
p34_der.jpg,p
o74_izq.jpg,o
u92_izq.jpg,u
u82_izq.jpg,u
p119_der.jpg,p
i107_izq.jpg,i
o47_izq.jpg,o
p98_der.jpg,p
p45_der.jpg,p
d24_der.jpg,d
y27_izq.jpg,y
b67_der.jpg,b
o36_der.jpg,o
t74_izq.jpg,t
n40_izq.jpg,n
s38_izq.jpg,s
g48_izq.jpg,g
h33_der.jpg,h
u26_der.jpg,u
i42_izq.jpg,i
t113_izq.jpg,t
u60_der.jpg,u
t4_izq.jpg,t
f102_der.jpg,f
i10_izq.jpg,i
f84_izq.jpg,f
o49_izq.jpg,o
b109_der.jpg,b
f44_izq.jpg,f
l42_izq.jpg,l
a12_izq.jpg,a
d112_izq.jpg,d
f49_der.jpg,f
f41_der.jpg,f
p120_izq.jpg,p
v87_izq.jpg,v
o16_izq.jpg,o
a88_izq.jpg,a
n23_izq.jpg,n
v46_der.jpg,v
e119_der.jpg,e
d88_izq.jpg,d
p137_der.jpg,p
t28_izq.jpg,t
b51_der.jpg,b
c85_der.jpg,c
p15_der.jpg,p
w116_izq.jpg,w
u63_izq.jpg,u
d121_izq.jpg,d
p66_der.jpg,p
s33_der.jpg,s
u64_izq.jpg,u
l101_der.jpg,l
r35_der.jpg,r
d52_der.jpg,d
h106_der.jpg,h
i30_der.jpg,i
p149_der.jpg,p
m58_izq.jpg,m
h10_der.jpg,h
d69_der.jpg,d
h27_der.jpg,h
e55_izq.jpg,e
i67_der.jpg,i
l106_der.jpg,l
l81_izq.jpg,l
l10_izq.jpg,l
f105_der.jpg,f
w99_der.jpg,w
s20_der.jpg,s
p53_izq.jpg,p
w4_izq.jpg,w
u56_der.jpg,u
n7_izq.jpg,n
a33_der.jpg,a
t119_izq.jpg,t
t48_izq.jpg,t
v10_der.jpg,v
r48_der.jpg,r
y29_izq.jpg,y
r22_der.jpg,r
d39_der.jpg,d
a17_der.jpg,a
r18_izq.jpg,r
t100_der.jpg,t
p104_izq.jpg,p
h58_izq.jpg,h
h17_der.jpg,h
p26_izq.jpg,p
w73_izq.jpg,w
i94_izq.jpg,i
v17_izq.jpg,v
m65_der.jpg,m
m41_der.jpg,m
h70_der.jpg,h
t43_izq.jpg,t
f82_izq.jpg,f
p152_der.jpg,p
p145_izq.jpg,p
s66_der.jpg,s
l89_izq.jpg,l
o22_izq.jpg,o
g70_der.jpg,g
y28_der.jpg,y
c23_izq.jpg,c
t99_der.jpg,t
v36_der.jpg,v
s46_der.jpg,s
r67_der.jpg,r
g85_der.jpg,g
c74_izq.jpg,c
a50_izq.jpg,a
c28_izq.jpg,c
h21_izq.jpg,h
p90_izq.jpg,p
r39_izq.jpg,r
t94_izq.jpg,t
g8_der.jpg,g
v66_der.jpg,v
r24_der.jpg,r
s39_der.jpg,s
d28_izq.jpg,d
l90_der.jpg,l
s67_izq.jpg,s
u54_der.jpg,u
e49_izq.jpg,e
p51_izq.jpg,p
p39_izq.jpg,p
p131_izq.jpg,p
s90_izq.jpg,s
w32_izq.jpg,w
p32_izq.jpg,p
i30_izq.jpg,i
u72_der.jpg,u
t38_izq.jpg,t
o41_izq.jpg,o
t7_der.jpg,t
s81_der.jpg,s
t58_izq.jpg,t
n36_izq.jpg,n
f50_izq.jpg,f
h51_izq.jpg,h
m38_izq.jpg,m
l22_der.jpg,l
r3_der.jpg,r
i64_der.jpg,i
b68_der.jpg,b
p112_der.jpg,p
h31_der.jpg,h
o28_der.jpg,o
p138_izq.jpg,p
p3_der.jpg,p
e78_der.jpg,e
i90_izq.jpg,i
v14_der.jpg,v
u50_der.jpg,u
i75_izq.jpg,i
w112_izq.jpg,w
w68_izq.jpg,w
d99_izq.jpg,d
r81_izq.jpg,r
u42_der.jpg,u
d23_izq.jpg,d
d127_der.jpg,d
f29_der.jpg,f
n11_izq.jpg,n
t39_izq.jpg,t
e52_izq.jpg,e
u43_der.jpg,u
v78_der.jpg,v
p55_der.jpg,p
i8_izq.jpg,i
s89_izq.jpg,s
y20_izq.jpg,y
e2_der.jpg,e
m59_der.jpg,m
o86_der.jpg,o
t33_izq.jpg,t
f45_der.jpg,f
o4_izq.jpg,o
c27_izq.jpg,c
l77_izq.jpg,l
l97_der.jpg,l
p106_der.jpg,p
f13_izq.jpg,f
y98_der.jpg,y
a46_der.jpg,a
c103_der.jpg,c
e15_izq.jpg,e
f74_izq.jpg,f
r11_der.jpg,r
a22_izq.jpg,a
y1_der.jpg,y
o19_der.jpg,o
i79_der.jpg,i
n42_der.jpg,n
p132_izq.jpg,p
p82_izq.jpg,p
y54_izq.jpg,y
i89_izq.jpg,i
h11_izq.jpg,h
h56_der.jpg,h
l62_izq.jpg,l
i7_der.jpg,i
v89_der.jpg,v
h66_der.jpg,h
v47_der.jpg,v
c6_izq.jpg,c
a152_der.jpg,a
h47_der.jpg,h
s26_izq.jpg,s
d58_der.jpg,d
y62_der.jpg,y
o18_der.jpg,o
v19_izq.jpg,v
h78_izq.jpg,h
v96_der.jpg,v
g61_der.jpg,g
e121_der.jpg,e
m31_der.jpg,m
l87_izq.jpg,l
a67_der.jpg,a
v5_izq.jpg,v
s3_izq.jpg,s
l2_izq.jpg,l
c20_izq.jpg,c
t31_izq.jpg,t
u62_der.jpg,u
d107_izq.jpg,d
y59_izq.jpg,y
l72_izq.jpg,l
r2_izq.jpg,r
i40_der.jpg,i
s94_der.jpg,s
f46_der.jpg,f
w69_izq.jpg,w
y14_izq.jpg,y
y89_izq.jpg,y
l5_izq.jpg,l
a18_izq.jpg,a
d38_izq.jpg,d
y81_izq.jpg,y
w10_der.jpg,w
p130_der.jpg,p
w107_der.jpg,w
e51_izq.jpg,e
c83_der.jpg,c
r39_der.jpg,r
r59_izq.jpg,r
p168_der.jpg,p
t95_der.jpg,t
p118_izq.jpg,p
c13_der.jpg,c
s69_der.jpg,s
m81_izq.jpg,m
n48_der.jpg,n
d63_izq.jpg,d
d16_izq.jpg,d
u96_izq.jpg,u
w64_izq.jpg,w
e99_der.jpg,e
c75_der.jpg,c
h69_izq.jpg,h
l80_izq.jpg,l
v14_izq.jpg,v
t50_izq.jpg,t
t38_der.jpg,t
t42_izq.jpg,t
t77_der.jpg,t
c5_der.jpg,c
s92_der.jpg,s
w47_izq.jpg,w
e39_izq.jpg,e
v2_izq.jpg,v
c18_izq.jpg,c
i4_izq.jpg,i
a34_izq.jpg,a
t34_izq.jpg,t
d3_izq.jpg,d
e45_izq.jpg,e
l10_der.jpg,l
c78_der.jpg,c
p42_izq.jpg,p
e3_der.jpg,e
i19_izq.jpg,i
p133_izq.jpg,p
w61_izq.jpg,w
p155_der.jpg,p
y76_der.jpg,y
w59_izq.jpg,w
h19_izq.jpg,h
f20_der.jpg,f
p17_izq.jpg,p
y62_izq.jpg,y
h38_izq.jpg,h
a11_der.jpg,a
y13_izq.jpg,y
d72_izq.jpg,d
i81_izq.jpg,i
n93_izq.jpg,n
d46_der.jpg,d
c32_der.jpg,c
f16_der.jpg,f
h14_der.jpg,h
e77_der.jpg,e
w30_izq.jpg,w
u27_izq.jpg,u
v66_izq.jpg,v
f32_der.jpg,f
n55_der.jpg,n
y19_der.jpg,y
c34_izq.jpg,c
f14_izq.jpg,f
w2_der.jpg,w
s70_izq.jpg,s
h38_der.jpg,h
v5_der.jpg,v
n9_der.jpg,n
d11_der.jpg,d
n24_der.jpg,n
g53_izq.jpg,g
i72_izq.jpg,i
p92_der.jpg,p
i52_der.jpg,i
a21_der.jpg,a
t89_der.jpg,t
p127_der.jpg,p
d6_izq.jpg,d
w18_der.jpg,w
d37_izq.jpg,d
s80_izq.jpg,s
s42_der.jpg,s
m53_izq.jpg,m
g6_der.jpg,g
f14_der.jpg,f
t9_der.jpg,t
o77_izq.jpg,o
v37_der.jpg,v
y35_der.jpg,y
m70_izq.jpg,m
e0_der.jpg,e
i41_izq.jpg,i
b15_izq.jpg,b
i57_izq.jpg,i
e8_izq.jpg,e
h18_izq.jpg,h
w83_izq.jpg,w
t73_izq.jpg,t
r46_izq.jpg,r
g78_der.jpg,g
f111_der.jpg,f
g83_der.jpg,g
c10_der.jpg,c
u1_izq.jpg,u
y27_der.jpg,y
t5_der.jpg,t
l30_izq.jpg,l
v24_der.jpg,v
y48_izq.jpg,y
g23_izq.jpg,g
g82_der.jpg,g
d109_der.jpg,d
t68_der.jpg,t
t64_der.jpg,t
d19_der.jpg,d
d71_der.jpg,d
v29_izq.jpg,v
m72_izq.jpg,m
g6_izq.jpg,g
s68_izq.jpg,s
m11_izq.jpg,m
i91_izq.jpg,i
g39_der.jpg,g
o82_der.jpg,o
h54_der.jpg,h
m0_izq.jpg,m
f75_der.jpg,f
f53_der.jpg,f
n46_der.jpg,n
m61_izq.jpg,m
e58_izq.jpg,e
e105_der.jpg,e
l64_der.jpg,l
t80_der.jpg,t
s70_der.jpg,s
y66_der.jpg,y
t78_der.jpg,t
p78_der.jpg,p
s41_der.jpg,s
g5_izq.jpg,g
n15_izq.jpg,n
o19_izq.jpg,o
w22_der.jpg,w
w85_der.jpg,w
v79_izq.jpg,v
p163_der.jpg,p
y75_der.jpg,y
n90_izq.jpg,n
s81_izq.jpg,s
u47_izq.jpg,u
r25_izq.jpg,r
e67_izq.jpg,e
f72_izq.jpg,f
a93_der.jpg,a
a84_izq.jpg,a
d48_der.jpg,d
a95_izq.jpg,a
w17_der.jpg,w
e69_izq.jpg,e
r10_izq.jpg,r
u70_izq.jpg,u
c32_izq.jpg,c
s35_izq.jpg,s
e10_izq.jpg,e
p95_izq.jpg,p
a95_der.jpg,a
d126_der.jpg,d
c14_der.jpg,c
e17_der.jpg,e
d6_der.jpg,d
s97_izq.jpg,s
i92_izq.jpg,i
c4_der.jpg,c
f99_izq.jpg,f
i69_izq.jpg,i
s89_der.jpg,s
t8_der.jpg,t
g105_der.jpg,g
c65_der.jpg,c
i71_der.jpg,i
g88_der.jpg,g
p114_der.jpg,p
i98_izq.jpg,i
b106_der.jpg,b
n30_der.jpg,n
l49_izq.jpg,l
v34_der.jpg,v
i109_izq.jpg,i
n37_der.jpg,n
o47_der.jpg,o
c75_izq.jpg,c
c3_der.jpg,c
h80_der.jpg,h
w21_der.jpg,w
v42_izq.jpg,v
h8_izq.jpg,h
m4_izq.jpg,m
s75_der.jpg,s
l90_izq.jpg,l
y38_izq.jpg,y
g58_izq.jpg,g
p40_izq.jpg,p
m51_izq.jpg,m
r12_izq.jpg,r
s3_der.jpg,s
y31_izq.jpg,y
c37_der.jpg,c
o18_izq.jpg,o
f60_izq.jpg,f
r67_izq.jpg,r
g36_izq.jpg,g
g14_der.jpg,g
s13_der.jpg,s
g65_der.jpg,g
e34_der.jpg,e
h45_der.jpg,h
a138_der.jpg,a
o54_izq.jpg,o
i12_izq.jpg,i
p111_izq.jpg,p
t67_izq.jpg,t
a83_izq.jpg,a
y38_der.jpg,y
a1_der.jpg,a
g86_izq.jpg,g
r12_der.jpg,r
i1_izq.jpg,i
v27_izq.jpg,v
v94_der.jpg,v
w115_izq.jpg,w
i61_izq.jpg,i
a81_der.jpg,a
i68_izq.jpg,i
r5_izq.jpg,r
h81_izq.jpg,h
m11_der.jpg,m
y41_izq.jpg,y
y65_izq.jpg,y
g12_der.jpg,g
a149_der.jpg,a
y29_der.jpg,y
n73_izq.jpg,n
e8_der.jpg,e
f91_izq.jpg,f
d100_izq.jpg,d
o27_izq.jpg,o
e88_der.jpg,e
s87_der.jpg,s
l20_der.jpg,l
p123_izq.jpg,p
g41_der.jpg,g
u74_der.jpg,u
p137_izq.jpg,p
e4_der.jpg,e
n14_der.jpg,n
y45_izq.jpg,y
p43_izq.jpg,p
h37_der.jpg,h
g19_der.jpg,g
y34_der.jpg,y
g86_der.jpg,g
o90_izq.jpg,o
l23_izq.jpg,l
r27_izq.jpg,r
y12_izq.jpg,y
y2_izq.jpg,y
f27_izq.jpg,f
g11_izq.jpg,g
h86_der.jpg,h
p117_der.jpg,p
v15_der.jpg,v
i21_izq.jpg,i
t23_izq.jpg,t
t11_der.jpg,t
d115_izq.jpg,d
a134_der.jpg,a
e89_der.jpg,e
y53_der.jpg,y
i34_izq.jpg,i
s8_izq.jpg,s
d122_izq.jpg,d
b10_der.jpg,b
a44_der.jpg,a
b6_der.jpg,b
c67_der.jpg,c
i41_der.jpg,i
n39_der.jpg,n
c39_izq.jpg,c
y71_der.jpg,y
h16_der.jpg,h
f61_der.jpg,f
a129_der.jpg,a
m71_izq.jpg,m
u0_izq.jpg,u
e21_izq.jpg,e
l17_izq.jpg,l
e28_der.jpg,e
w30_der.jpg,w
f0_izq.jpg,f
p146_izq.jpg,p
d43_der.jpg,d
e60_izq.jpg,e
n32_der.jpg,n
s34_der.jpg,s
g47_izq.jpg,g
v83_izq.jpg,v
h2_der.jpg,h
l53_der.jpg,l
y44_izq.jpg,y
f92_izq.jpg,f
i27_der.jpg,i
l51_izq.jpg,l
c41_der.jpg,c
t83_izq.jpg,t
v1_izq.jpg,v
w78_izq.jpg,w
i21_der.jpg,i
n75_izq.jpg,n
c25_izq.jpg,c
w1_der.jpg,w
v48_der.jpg,v
w4_der.jpg,w
t41_der.jpg,t
g18_der.jpg,g
n10_der.jpg,n
l70_der.jpg,l
u85_izq.jpg,u
p91_izq.jpg,p
v55_der.jpg,v
p107_izq.jpg,p
u51_der.jpg,u
l3_izq.jpg,l
t100_izq.jpg,t
e73_der.jpg,e
u4_izq.jpg,u
a137_der.jpg,a
p35_izq.jpg,p
w72_izq.jpg,w
i82_der.jpg,i
m56_der.jpg,m
o58_der.jpg,o
d71_izq.jpg,d
v28_izq.jpg,v
i45_der.jpg,i
c89_der.jpg,c
o92_der.jpg,o
l102_der.jpg,l
d60_izq.jpg,d
a26_izq.jpg,a
d47_der.jpg,d
m20_izq.jpg,m
u18_izq.jpg,u
m23_izq.jpg,m
m67_izq.jpg,m
u79_der.jpg,u
r31_der.jpg,r
s93_der.jpg,s
m22_der.jpg,m
g78_izq.jpg,g
w97_izq.jpg,w
d25_der.jpg,d
v72_der.jpg,v
d10_der.jpg,d
r63_der.jpg,r
a42_izq.jpg,a
d40_izq.jpg,d
c11_izq.jpg,c
o17_der.jpg,o
w40_der.jpg,w
l78_der.jpg,l
p158_der.jpg,p
a41_der.jpg,a
a150_der.jpg,a
b46_der.jpg,b
p87_der.jpg,p
o11_izq.jpg,o
p75_izq.jpg,p
h32_izq.jpg,h
d90_izq.jpg,d
m1_izq.jpg,m
m59_izq.jpg,m
g2_der.jpg,g
y22_izq.jpg,y
b24_izq.jpg,b
d26_izq.jpg,d
s40_der.jpg,s
g25_izq.jpg,g
c36_izq.jpg,c
t86_izq.jpg,t
y79_der.jpg,y
o82_izq.jpg,o
i33_der.jpg,i
c81_izq.jpg,c
i9_der.jpg,i
c35_izq.jpg,c
e10_der.jpg,e
y32_der.jpg,y
e114_der.jpg,e
u68_izq.jpg,u
g98_der.jpg,g
h72_izq.jpg,h
a19_izq.jpg,a
c29_der.jpg,c
p160_der.jpg,p
h91_der.jpg,h
v9_der.jpg,v
o83_izq.jpg,o
d123_izq.jpg,d
v68_izq.jpg,v
s4_der.jpg,s
i39_izq.jpg,i
p7_der.jpg,p
l7_der.jpg,l
s48_der.jpg,s
w51_izq.jpg,w
m47_izq.jpg,m
u97_izq.jpg,u
i67_izq.jpg,i
s6_der.jpg,s
l82_izq.jpg,l
v78_izq.jpg,v
n26_izq.jpg,n
w6_izq.jpg,w
t52_izq.jpg,t
u66_der.jpg,u
t8_izq.jpg,t
w78_der.jpg,w
d13_der.jpg,d
h87_der.jpg,h
y64_der.jpg,y
f38_izq.jpg,f
e64_izq.jpg,e
s66_izq.jpg,s
n9_izq.jpg,n
h76_izq.jpg,h
e104_der.jpg,e
b27_izq.jpg,b
f94_der.jpg,f
s73_der.jpg,s
g70_izq.jpg,g
i101_izq.jpg,i
h55_izq.jpg,h
w31_der.jpg,w
v26_izq.jpg,v
y39_izq.jpg,y
d117_izq.jpg,d
u87_der.jpg,u
d101_izq.jpg,d
v64_der.jpg,v
w41_der.jpg,w
f47_izq.jpg,f
f24_der.jpg,f
p110_der.jpg,p
g73_der.jpg,g
e64_der.jpg,e
t36_izq.jpg,t
e23_der.jpg,e
p101_der.jpg,p
o69_izq.jpg,o
y28_izq.jpg,y
t78_izq.jpg,t
o73_der.jpg,o
a145_der.jpg,a
g85_izq.jpg,g
v53_izq.jpg,v
v58_izq.jpg,v
t37_der.jpg,t
i0_izq.jpg,i
y9_izq.jpg,y
h68_izq.jpg,h
r36_der.jpg,r
n92_izq.jpg,n
t75_izq.jpg,t
s0_der.jpg,s
y9_der.jpg,y
a10_izq.jpg,a
s80_der.jpg,s
l93_der.jpg,l
e18_der.jpg,e
b32_izq.jpg,b
u93_izq.jpg,u
f11_izq.jpg,f
l31_der.jpg,l
r58_der.jpg,r
w100_izq.jpg,w
a102_izq.jpg,a
l27_der.jpg,l
d9_izq.jpg,d
n12_izq.jpg,n
f98_der.jpg,f
g79_izq.jpg,g
t101_izq.jpg,t
p81_izq.jpg,p
m23_der.jpg,m
w86_der.jpg,w
o14_izq.jpg,o
y80_izq.jpg,y
w117_izq.jpg,w
r91_der.jpg,r
o26_der.jpg,o
r0_izq.jpg,r
u26_izq.jpg,u
u7_der.jpg,u
w3_der.jpg,w
p108_der.jpg,p
e25_der.jpg,e
a3_der.jpg,a
u53_der.jpg,u
b101_der.jpg,b
o51_izq.jpg,o
a21_izq.jpg,a
u16_izq.jpg,u
a77_izq.jpg,a
u57_der.jpg,u
t10_izq.jpg,t
i28_izq.jpg,i
r62_izq.jpg,r
f43_der.jpg,f
m49_izq.jpg,m
a2_der.jpg,a
h52_der.jpg,h
y21_der.jpg,y
u28_der.jpg,u
a60_der.jpg,a
s95_izq.jpg,s
w62_der.jpg,w
f27_der.jpg,f
y54_der.jpg,y
p30_der.jpg,p
d1_der.jpg,d
l24_izq.jpg,l
m7_izq.jpg,m
o88_der.jpg,o
t51_der.jpg,t
w3_izq.jpg,w
n22_der.jpg,n
t60_der.jpg,t
g92_izq.jpg,g
u49_izq.jpg,u
f79_izq.jpg,f
n17_izq.jpg,n
f85_izq.jpg,f
o72_izq.jpg,o
y8_izq.jpg,y
m31_izq.jpg,m
l63_der.jpg,l
w37_der.jpg,w
h109_der.jpg,h
p65_izq.jpg,p
g1_der.jpg,g
d66_der.jpg,d
a112_der.jpg,a
r87_der.jpg,r
f0_der.jpg,f
e11_der.jpg,e
f103_izq.jpg,f
f114_der.jpg,f
b13_izq.jpg,b
y23_der.jpg,y
u43_izq.jpg,u
v3_der.jpg,v
l89_der.jpg,l
w110_der.jpg,w
o51_der.jpg,o
p39_der.jpg,p
p64_der.jpg,p
w66_izq.jpg,w
a27_izq.jpg,a
e100_der.jpg,e
e63_der.jpg,e
o2_izq.jpg,o
u87_izq.jpg,u
f48_der.jpg,f
l36_der.jpg,l
w64_der.jpg,w
v49_der.jpg,v
c59_izq.jpg,c
o21_izq.jpg,o
m33_izq.jpg,m
l66_izq.jpg,l
g31_der.jpg,g
f71_der.jpg,f
g56_izq.jpg,g
i77_der.jpg,i
s0_izq.jpg,s
h86_izq.jpg,h
n62_der.jpg,n
r25_der.jpg,r
b55_der.jpg,b
o91_der.jpg,o
y11_der.jpg,y
c82_izq.jpg,c
t98_der.jpg,t
e17_izq.jpg,e
s62_der.jpg,s
i40_izq.jpg,i
g82_izq.jpg,g
t17_der.jpg,t
s96_izq.jpg,s
m76_izq.jpg,m
h15_der.jpg,h
b20_der.jpg,b
s49_izq.jpg,s
d32_izq.jpg,d
g99_izq.jpg,g
e62_izq.jpg,e
w52_der.jpg,w
m45_der.jpg,m
m29_izq.jpg,m
v92_der.jpg,v
w14_der.jpg,w
r49_der.jpg,r
r15_izq.jpg,r
h42_der.jpg,h
f66_izq.jpg,f
y20_der.jpg,y
c39_der.jpg,c
w111_izq.jpg,w
u39_der.jpg,u
d37_der.jpg,d
p118_der.jpg,p
h107_der.jpg,h
h50_der.jpg,h
c9_izq.jpg,c
w28_der.jpg,w
p29_izq.jpg,p
c77_izq.jpg,c
y26_der.jpg,y
w102_izq.jpg,w
o83_der.jpg,o
m8_der.jpg,m
v87_der.jpg,v
v77_der.jpg,v
f52_der.jpg,f
l45_der.jpg,l
h46_izq.jpg,h
a117_der.jpg,a
g13_izq.jpg,g
m3_izq.jpg,m
n56_der.jpg,n
y56_der.jpg,y
v72_izq.jpg,v
a125_der.jpg,a
h93_der.jpg,h
o65_der.jpg,o
a109_der.jpg,a
v41_der.jpg,v
w114_izq.jpg,w
e48_izq.jpg,e
v97_der.jpg,v
i22_der.jpg,i
s44_der.jpg,s
u58_der.jpg,u
f30_izq.jpg,f
s59_der.jpg,s
o73_izq.jpg,o
e87_der.jpg,e
v65_izq.jpg,v
i13_der.jpg,i
r10_der.jpg,r
l44_izq.jpg,l
p47_der.jpg,p
p109_der.jpg,p
e101_der.jpg,e
o52_der.jpg,o
y12_der.jpg,y
h20_izq.jpg,h
e81_izq.jpg,e
h85_der.jpg,h
o62_der.jpg,o
l95_der.jpg,l
i1_der.jpg,i
y85_der.jpg,y
p126_der.jpg,p
t102_izq.jpg,t
n68_der.jpg,n
e34_izq.jpg,e
d39_izq.jpg,d
t85_izq.jpg,t
e80_der.jpg,e
a15_izq.jpg,a
m36_izq.jpg,m
n46_izq.jpg,n
g64_izq.jpg,g
v75_der.jpg,v
y23_izq.jpg,y
h22_izq.jpg,h
d27_izq.jpg,d
a47_izq.jpg,a
u10_izq.jpg,u
t91_izq.jpg,t
y89_der.jpg,y
s31_der.jpg,s
e59_der.jpg,e
s12_der.jpg,s
b14_der.jpg,b
c7_izq.jpg,c
g24_izq.jpg,g
u53_izq.jpg,u
a105_der.jpg,a
n0_izq.jpg,n
p122_der.jpg,p
b102_der.jpg,b
w51_der.jpg,w
f35_der.jpg,f
o67_izq.jpg,o
b4_der.jpg,b
i15_der.jpg,i
y53_izq.jpg,y
i22_izq.jpg,i
d98_der.jpg,d
f44_der.jpg,f
t72_izq.jpg,t
w57_der.jpg,w
w28_izq.jpg,w
p157_der.jpg,p
s85_izq.jpg,s
n42_izq.jpg,n
n51_der.jpg,n
y36_der.jpg,y
n78_izq.jpg,n
w5_der.jpg,w
t2_izq.jpg,t
u11_der.jpg,u
c84_izq.jpg,c
p50_der.jpg,p
p41_der.jpg,p
d109_izq.jpg,d
m39_izq.jpg,m
n74_der.jpg,n
m69_izq.jpg,m
h74_izq.jpg,h
p77_der.jpg,p
o60_der.jpg,o
r5_der.jpg,r
a96_izq.jpg,a
e32_der.jpg,e
v64_izq.jpg,v
l84_der.jpg,l
t35_izq.jpg,t
f118_der.jpg,f
w15_der.jpg,w
t19_der.jpg,t
b92_der.jpg,b
b91_der.jpg,b
g34_der.jpg,g
y52_der.jpg,y
g35_der.jpg,g
d3_der.jpg,d
l37_izq.jpg,l
t118_izq.jpg,t
s23_izq.jpg,s
h4_izq.jpg,h
l12_izq.jpg,l
s25_izq.jpg,s
h35_izq.jpg,h
p162_der.jpg,p
c5_izq.jpg,c
v38_izq.jpg,v
l24_der.jpg,l
n57_der.jpg,n
h24_izq.jpg,h
i9_izq.jpg,i
s22_izq.jpg,s
o61_izq.jpg,o
d103_der.jpg,d
h103_der.jpg,h
l27_izq.jpg,l
v21_der.jpg,v
p3_izq.jpg,p
w7_der.jpg,w
s15_izq.jpg,s
i114_izq.jpg,i
p176_der.jpg,p
a92_izq.jpg,a
a17_izq.jpg,a
t6_der.jpg,t
f112_der.jpg,f
y3_izq.jpg,y
i23_der.jpg,i
a46_izq.jpg,a
f10_der.jpg,f
h1_der.jpg,h
c34_der.jpg,c
b43_der.jpg,b
p1_der.jpg,p
o57_der.jpg,o
m64_der.jpg,m
g115_der.jpg,g
a73_der.jpg,a
f43_izq.jpg,f
c46_der.jpg,c
p128_izq.jpg,p
f7_der.jpg,f
n4_izq.jpg,n
c8_izq.jpg,c
p74_der.jpg,p
u34_der.jpg,u
n78_der.jpg,n
p14_der.jpg,p
p80_der.jpg,p
r65_izq.jpg,r
o78_izq.jpg,o
v81_izq.jpg,v
t81_der.jpg,t
m34_der.jpg,m
a44_izq.jpg,a
y40_izq.jpg,y
p116_der.jpg,p
r44_der.jpg,r
o38_izq.jpg,o
n47_izq.jpg,n
d105_izq.jpg,d
f51_der.jpg,f
u69_izq.jpg,u
p4_izq.jpg,p
e13_der.jpg,e
a19_der.jpg,a
t56_izq.jpg,t
p37_izq.jpg,p
d35_izq.jpg,d
w80_izq.jpg,w
g103_der.jpg,g
o12_izq.jpg,o
t12_izq.jpg,t
p153_der.jpg,p
v100_der.jpg,v
o45_der.jpg,o
l0_der.jpg,l
f36_der.jpg,f
e38_der.jpg,e
h83_der.jpg,h
f17_der.jpg,f
n25_der.jpg,n
h30_der.jpg,h
v31_der.jpg,v
a8_der.jpg,a
o40_der.jpg,o
i55_izq.jpg,i
f100_izq.jpg,f
i24_der.jpg,i
e59_izq.jpg,e
u59_izq.jpg,u
t34_der.jpg,t
c79_izq.jpg,c
y33_der.jpg,y
r61_der.jpg,r
n94_izq.jpg,n
e97_der.jpg,e
c53_izq.jpg,c
w69_der.jpg,w
w100_der.jpg,w
g66_izq.jpg,g
p97_izq.jpg,p
c79_der.jpg,c
t39_der.jpg,t
o33_der.jpg,o
y83_der.jpg,y
d51_izq.jpg,d
t82_izq.jpg,t
v61_der.jpg,v
l99_der.jpg,l
b17_der.jpg,b
s29_der.jpg,s
g91_der.jpg,g
r54_izq.jpg,r
e53_izq.jpg,e
m15_der.jpg,m
l45_izq.jpg,l
t57_der.jpg,t
p72_izq.jpg,p
v18_der.jpg,v
s65_izq.jpg,s
s60_der.jpg,s
b9_izq.jpg,b
s72_der.jpg,s
r6_der.jpg,r
d57_izq.jpg,d
i62_der.jpg,i
v28_der.jpg,v
v50_der.jpg,v
p23_der.jpg,p
v53_der.jpg,v
l8_der.jpg,l
i75_der.jpg,i
g75_der.jpg,g
o25_der.jpg,o
g113_der.jpg,g
g110_der.jpg,g
a36_izq.jpg,a
y57_der.jpg,y
h37_izq.jpg,h
d73_izq.jpg,d
f80_der.jpg,f
l25_der.jpg,l
h5_der.jpg,h
r78_der.jpg,r
c93_der.jpg,c
t79_der.jpg,t
g33_izq.jpg,g
b21_der.jpg,b
p68_der.jpg,p
r42_der.jpg,r
y64_izq.jpg,y
p134_der.jpg,p
w52_izq.jpg,w
t43_der.jpg,t
l86_izq.jpg,l
p144_izq.jpg,p
p128_der.jpg,p
l56_izq.jpg,l
p166_der.jpg,p
w60_izq.jpg,w
w36_der.jpg,w
g40_der.jpg,g
d8_izq.jpg,d
t14_der.jpg,t
y78_izq.jpg,y
l107_der.jpg,l
y74_izq.jpg,y
p174_der.jpg,p
s77_der.jpg,s
p49_izq.jpg,p
r14_der.jpg,r
g20_der.jpg,g
p147_der.jpg,p
i6_izq.jpg,i
p63_izq.jpg,p
a6_izq.jpg,a
e57_izq.jpg,e
n15_der.jpg,n
l12_der.jpg,l
h77_izq.jpg,h
n43_der.jpg,n
d62_der.jpg,d
y60_der.jpg,y
b94_der.jpg,b
y8_der.jpg,y
f36_izq.jpg,f
p74_izq.jpg,p
l26_izq.jpg,l
m10_izq.jpg,m
m34_izq.jpg,m
g95_izq.jpg,g
w29_der.jpg,w
f107_der.jpg,f
o8_izq.jpg,o
f40_izq.jpg,f
p38_izq.jpg,p
p75_der.jpg,p
i56_izq.jpg,i
d118_izq.jpg,d
v67_der.jpg,v
y1_izq.jpg,y
p169_der.jpg,p
a99_der.jpg,a
l13_der.jpg,l
l20_izq.jpg,l
w85_izq.jpg,w
n72_izq.jpg,n
r85_der.jpg,r
v32_der.jpg,v
b19_izq.jpg,b
a4_izq.jpg,a
d113_der.jpg,d
d115_der.jpg,d
i20_der.jpg,i
a139_der.jpg,a
l70_izq.jpg,l
p100_der.jpg,p
i65_izq.jpg,i
a41_izq.jpg,a
v22_der.jpg,v
f23_izq.jpg,f
t115_izq.jpg,t
h10_izq.jpg,h
b54_der.jpg,b
l66_der.jpg,l
d30_izq.jpg,d
l29_der.jpg,l
a7_der.jpg,a
f16_izq.jpg,f
w11_der.jpg,w
d22_der.jpg,d
b6_izq.jpg,b
v89_izq.jpg,v
c15_izq.jpg,c
f37_der.jpg,f
s82_der.jpg,s
f10_izq.jpg,f
f29_izq.jpg,f
p131_der.jpg,p
m25_izq.jpg,m
l68_der.jpg,l
p111_der.jpg,p
g25_der.jpg,g
t76_der.jpg,t
h15_izq.jpg,h
y11_izq.jpg,y
h16_izq.jpg,h
i95_izq.jpg,i
p26_der.jpg,p
l33_izq.jpg,l
i65_der.jpg,i
a64_der.jpg,a
w81_izq.jpg,w
d78_der.jpg,d
w63_der.jpg,w
c9_der.jpg,c
m27_der.jpg,m
e68_der.jpg,e
s71_izq.jpg,s
o38_der.jpg,o
o48_der.jpg,o
a119_der.jpg,a
w11_izq.jpg,w
y26_izq.jpg,y
h53_der.jpg,h
a20_izq.jpg,a
a24_izq.jpg,a
a10_der.jpg,a
a35_izq.jpg,a
s22_der.jpg,s
l85_der.jpg,l
p151_izq.jpg,p
l84_izq.jpg,l
y95_der.jpg,y
t7_izq.jpg,t
u14_izq.jpg,u
w113_izq.jpg,w
d82_der.jpg,d
p5_izq.jpg,p
l44_der.jpg,l
i25_der.jpg,i
f4_der.jpg,f
g34_izq.jpg,g
h4_der.jpg,h
w55_der.jpg,w
v16_izq.jpg,v
c24_izq.jpg,c
d8_der.jpg,d
d20_izq.jpg,d
t47_izq.jpg,t
m6_izq.jpg,m
g59_der.jpg,g
p23_izq.jpg,p
l58_izq.jpg,l
f5_der.jpg,f
i11_izq.jpg,i
v22_izq.jpg,v
s84_der.jpg,s
p125_der.jpg,p
o30_izq.jpg,o
w13_izq.jpg,w
d96_izq.jpg,d
e77_izq.jpg,e
r16_izq.jpg,r
m73_izq.jpg,m
v58_der.jpg,v
u25_der.jpg,u
l74_der.jpg,l
p72_der.jpg,p
v59_izq.jpg,v
e50_izq.jpg,e
y47_izq.jpg,y
r28_der.jpg,r
d82_izq.jpg,d
n8_der.jpg,n
c0_izq.jpg,c
p31_der.jpg,p
d95_der.jpg,d
r48_izq.jpg,r
f22_der.jpg,f
f70_izq.jpg,f
i34_der.jpg,i
d79_der.jpg,d
e67_der.jpg,e
g97_der.jpg,g
n7_der.jpg,n
p33_der.jpg,p
d47_izq.jpg,d
n87_izq.jpg,n
a94_der.jpg,a
t0_der.jpg,t
u46_izq.jpg,u
e13_izq.jpg,e
n8_izq.jpg,n
o59_izq.jpg,o
g43_der.jpg,g
g105_izq.jpg,g
i74_der.jpg,i
e90_der.jpg,e
n13_izq.jpg,n
m36_der.jpg,m
f31_der.jpg,f
h9_izq.jpg,h
p2_izq.jpg,p
y41_der.jpg,y
c73_izq.jpg,c
o81_izq.jpg,o
s76_izq.jpg,s
b16_izq.jpg,b
f117_der.jpg,f
a122_der.jpg,a
u40_der.jpg,u
o52_izq.jpg,o
b62_izq.jpg,b
o5_der.jpg,o
i78_izq.jpg,i
u21_izq.jpg,u
w102_der.jpg,w
p58_izq.jpg,p
o0_izq.jpg,o
v8_der.jpg,v
a14_der.jpg,a
r34_izq.jpg,r
d29_izq.jpg,d
f97_der.jpg,f
f105_izq.jpg,f
h54_izq.jpg,h
o85_izq.jpg,o
a93_izq.jpg,a
l82_der.jpg,l
e33_izq.jpg,e
n30_izq.jpg,n
t48_der.jpg,t
o58_izq.jpg,o
f46_izq.jpg,f
v81_der.jpg,v
y58_izq.jpg,y
i43_izq.jpg,i
w60_der.jpg,w
u12_izq.jpg,u
w12_der.jpg,w
p130_izq.jpg,p
i58_der.jpg,i
o32_der.jpg,o
t116_izq.jpg,t
i17_der.jpg,i
n35_der.jpg,n
s28_izq.jpg,s
w37_izq.jpg,w
p44_der.jpg,p
d4_izq.jpg,d
s88_der.jpg,s
r58_izq.jpg,r
v104_der.jpg,v
i90_der.jpg,i
e116_der.jpg,e
d116_izq.jpg,d
y34_izq.jpg,y
i27_izq.jpg,i
f99_der.jpg,f
g101_izq.jpg,g
b3_der.jpg,b
b2_der.jpg,b
m5_izq.jpg,m
a5_izq.jpg,a
f39_der.jpg,f
r9_der.jpg,r
s26_der.jpg,s
y49_der.jpg,y
o66_izq.jpg,o
v1_der.jpg,v
g106_izq.jpg,g
p141_der.jpg,p
b39_izq.jpg,b
d91_izq.jpg,d
c38_der.jpg,c
l85_izq.jpg,l
y78_der.jpg,y
d0_der.jpg,d
l26_der.jpg,l
t1_izq.jpg,t
g0_izq.jpg,g
t14_izq.jpg,t
d110_der.jpg,d
a86_der.jpg,a
r63_izq.jpg,r
v85_izq.jpg,v
w96_der.jpg,w
y88_izq.jpg,y
m0_der.jpg,m
f71_izq.jpg,f
s9_der.jpg,s
f116_der.jpg,f
y4_der.jpg,y
b16_der.jpg,b
d50_izq.jpg,d
m66_izq.jpg,m
u23_der.jpg,u
p102_der.jpg,p
a55_der.jpg,a
h43_izq.jpg,h
o22_der.jpg,o
m2_der.jpg,m
g72_izq.jpg,g
p13_der.jpg,p
e109_der.jpg,e
f106_der.jpg,f
n53_der.jpg,n
l15_der.jpg,l
m83_izq.jpg,m
l28_der.jpg,l
u75_der.jpg,u
o42_izq.jpg,o
m45_izq.jpg,m
a2_izq.jpg,a
r28_izq.jpg,r
w56_der.jpg,w
h62_der.jpg,h
y6_der.jpg,y
f86_der.jpg,f
y79_izq.jpg,y
c2_der.jpg,c
w33_der.jpg,w
r52_izq.jpg,r
y16_izq.jpg,y
m68_der.jpg,m
a71_der.jpg,a
y7_izq.jpg,y
n14_izq.jpg,n
u20_der.jpg,u
t42_der.jpg,t
v68_der.jpg,v
g49_izq.jpg,g
w45_izq.jpg,w
r56_der.jpg,r
d49_der.jpg,d
f96_izq.jpg,f
g79_der.jpg,g
g27_izq.jpg,g
p79_izq.jpg,p
i110_izq.jpg,i
v11_der.jpg,v
v82_izq.jpg,v
t13_der.jpg,t
m13_izq.jpg,m
g23_der.jpg,g
w118_izq.jpg,w
g73_izq.jpg,g
e36_izq.jpg,e
p6_der.jpg,p
i86_izq.jpg,i
y76_izq.jpg,y
p150_izq.jpg,p
s10_der.jpg,s
i112_izq.jpg,i
s76_der.jpg,s
p138_der.jpg,p
w39_der.jpg,w
v103_der.jpg,v
g11_der.jpg,g
w95_der.jpg,w
s27_der.jpg,s
c97_der.jpg,c
p0_izq.jpg,p
v57_izq.jpg,v
s29_izq.jpg,s
e118_der.jpg,e
t28_der.jpg,t
p156_der.jpg,p
s42_izq.jpg,s
i24_izq.jpg,i
p54_der.jpg,p
v44_der.jpg,v
p143_izq.jpg,p
d69_izq.jpg,d
g100_izq.jpg,g
c12_izq.jpg,c
e39_der.jpg,e
d26_der.jpg,d
o2_der.jpg,o
s5_izq.jpg,s
l91_der.jpg,l
w97_der.jpg,w
e12_der.jpg,e
f57_der.jpg,f
n5_der.jpg,n
m44_izq.jpg,m
p68_izq.jpg,p
o87_der.jpg,o
p62_der.jpg,p
c33_der.jpg,c
h99_der.jpg,h
i39_der.jpg,i
b85_der.jpg,b
y50_der.jpg,y
h3_der.jpg,h
t88_der.jpg,t
h92_der.jpg,h
d75_izq.jpg,d
a6_der.jpg,a
o29_izq.jpg,o
r31_izq.jpg,r
y10_izq.jpg,y
d24_izq.jpg,d
p105_izq.jpg,p
o84_izq.jpg,o
t36_der.jpg,t
c31_der.jpg,c
n67_izq.jpg,n
t20_der.jpg,t
o11_der.jpg,o
l69_der.jpg,l
p124_der.jpg,p
b38_izq.jpg,b
y19_izq.jpg,y
p15_izq.jpg,p
v69_der.jpg,v
p84_izq.jpg,p
v4_izq.jpg,v
u20_izq.jpg,u
t110_izq.jpg,t
a36_der.jpg,a
p44_izq.jpg,p
p67_der.jpg,p
i31_izq.jpg,i
i26_izq.jpg,i
p139_izq.jpg,p
h48_der.jpg,h
l23_der.jpg,l
w8_izq.jpg,w
g2_izq.jpg,g
n76_der.jpg,n
o72_der.jpg,o
w87_der.jpg,w
i35_der.jpg,i
h88_der.jpg,h
m63_der.jpg,m
f63_izq.jpg,f
m80_izq.jpg,m
m61_der.jpg,m
f11_der.jpg,f
d23_der.jpg,d
c35_der.jpg,c
g96_izq.jpg,g
o16_der.jpg,o
w0_der.jpg,w
b53_der.jpg,b
m37_izq.jpg,m
d32_der.jpg,d
o56_der.jpg,o
v71_der.jpg,v
y56_izq.jpg,y
s79_der.jpg,s
g90_der.jpg,g
y96_der.jpg,y
p60_der.jpg,p
s47_der.jpg,s
a68_der.jpg,a
h57_izq.jpg,h
e102_der.jpg,e
t3_der.jpg,t
g71_izq.jpg,g
s1_der.jpg,s
b12_der.jpg,b
p63_der.jpg,p
s78_der.jpg,s
p96_der.jpg,p
i68_der.jpg,i
m46_izq.jpg,m
f108_der.jpg,f
g8_izq.jpg,g
e75_izq.jpg,e
i29_izq.jpg,i
w48_der.jpg,w
n29_izq.jpg,n
s16_izq.jpg,s
e12_izq.jpg,e
t56_der.jpg,t
g76_izq.jpg,g
w20_der.jpg,w
s84_izq.jpg,s
s93_izq.jpg,s
e16_izq.jpg,e
f19_izq.jpg,f
t16_izq.jpg,t
f104_der.jpg,f
g9_izq.jpg,g
t81_izq.jpg,t
w54_izq.jpg,w
d118_der.jpg,d
n28_izq.jpg,n
a97_der.jpg,a
o46_izq.jpg,o
c18_der.jpg,c
e19_der.jpg,e
d1_izq.jpg,d
i18_der.jpg,i
t15_der.jpg,t
o31_der.jpg,o
y30_izq.jpg,y
i66_der.jpg,i
s24_izq.jpg,s
f21_izq.jpg,f
h46_der.jpg,h
d55_der.jpg,d
v62_der.jpg,v
d128_der.jpg,d
l53_izq.jpg,l
m1_der.jpg,m
a113_der.jpg,a
v76_der.jpg,v
d110_izq.jpg,d
t53_izq.jpg,t
s41_izq.jpg,s
p49_der.jpg,p
v4_der.jpg,v
g1_izq.jpg,g
f40_der.jpg,f
t40_izq.jpg,t
y25_der.jpg,y
f39_izq.jpg,f
w25_der.jpg,w
r20_der.jpg,r
d50_der.jpg,d
f1_der.jpg,f
e43_der.jpg,e
l38_der.jpg,l
u33_der.jpg,u
d18_izq.jpg,d
r16_der.jpg,r
g88_izq.jpg,g
d12_izq.jpg,d
d31_der.jpg,d
a48_izq.jpg,a
n51_izq.jpg,n
b87_der.jpg,b
p99_izq.jpg,p
l41_izq.jpg,l
o80_izq.jpg,o
n10_izq.jpg,n
n3_izq.jpg,n
p129_der.jpg,p
f12_der.jpg,f
m50_der.jpg,m
h49_der.jpg,h
c13_izq.jpg,c
f23_der.jpg,f
u94_izq.jpg,u
v23_der.jpg,v
v84_izq.jpg,v
t29_izq.jpg,t
i104_izq.jpg,i
w67_der.jpg,w
r21_der.jpg,r
c38_izq.jpg,c
p141_izq.jpg,p
h25_izq.jpg,h
d67_der.jpg,d
m3_der.jpg,m
e60_der.jpg,e
v71_izq.jpg,v
i48_der.jpg,i
g44_izq.jpg,g
e48_der.jpg,e
y18_der.jpg,y
p29_der.jpg,p
p24_der.jpg,p
u92_der.jpg,u
p104_der.jpg,p
v38_der.jpg,v
g77_der.jpg,g
f103_der.jpg,f
m6_der.jpg,m
o43_izq.jpg,o
i82_izq.jpg,i
b105_der.jpg,b
m7_der.jpg,m
p36_der.jpg,p
g69_der.jpg,g
d7_der.jpg,d
f76_der.jpg,f
h108_der.jpg,h
y69_der.jpg,y
b50_der.jpg,b
w38_der.jpg,w
b104_der.jpg,b
h34_der.jpg,h
s40_izq.jpg,s
b103_der.jpg,b
h100_der.jpg,h
u84_der.jpg,u
i74_izq.jpg,i
d20_der.jpg,d
p55_izq.jpg,p
l60_der.jpg,l
o14_der.jpg,o
c12_der.jpg,c
o49_der.jpg,o
m33_der.jpg,m
s65_der.jpg,s
u69_der.jpg,u
p33_izq.jpg,p
h39_izq.jpg,h
r1_der.jpg,r
v20_der.jpg,v
a13_izq.jpg,a
i10_der.jpg,i
p148_der.jpg,p
d61_der.jpg,d
f4_izq.jpg,f
u88_der.jpg,u
c54_izq.jpg,c
c72_der.jpg,c
l76_der.jpg,l
e7_der.jpg,e
w95_izq.jpg,w
r11_izq.jpg,r
n5_izq.jpg,n
p85_der.jpg,p
l48_izq.jpg,l
s68_der.jpg,s
p140_der.jpg,p
f100_der.jpg,f
h81_der.jpg,h
s38_der.jpg,s
i29_der.jpg,i
d12_der.jpg,d
u12_der.jpg,u
g108_der.jpg,g
g46_der.jpg,g
h33_izq.jpg,h
p17_der.jpg,p
m10_der.jpg,m
t66_der.jpg,t
w105_izq.jpg,w
y24_der.jpg,y
l55_izq.jpg,l
v99_der.jpg,v
d10_izq.jpg,d
r70_der.jpg,r
v62_izq.jpg,v
g10_der.jpg,g
w88_izq.jpg,w
s79_izq.jpg,s
e4_izq.jpg,e
b5_izq.jpg,b
g55_izq.jpg,g
d18_der.jpg,d
h63_der.jpg,h
d34_der.jpg,d
d113_izq.jpg,d
u24_der.jpg,u
p79_der.jpg,p
f78_izq.jpg,f
p70_der.jpg,p
i7_izq.jpg,i
t19_izq.jpg,t
o20_izq.jpg,o
p144_der.jpg,p
n85_izq.jpg,n
g13_der.jpg,g
g28_der.jpg,g
t80_izq.jpg,t
u99_izq.jpg,u
u75_izq.jpg,u
t22_izq.jpg,t
r52_der.jpg,r
y93_der.jpg,y
t27_izq.jpg,t
u99_der.jpg,u
e76_der.jpg,e
h84_der.jpg,h
t90_der.jpg,t
u29_der.jpg,u
r74_izq.jpg,r
f48_izq.jpg,f
a101_der.jpg,a
t96_der.jpg,t
e65_der.jpg,e
o9_izq.jpg,o
w41_izq.jpg,w
d122_der.jpg,d
v57_der.jpg,v
y87_der.jpg,y
p48_izq.jpg,p
n25_izq.jpg,n
w91_izq.jpg,w
p83_izq.jpg,p
y4_izq.jpg,y
p126_izq.jpg,p
h9_der.jpg,h
v33_der.jpg,v
t75_der.jpg,t
r35_izq.jpg,r
b0_der.jpg,b
r47_der.jpg,r
a48_der.jpg,a
w91_der.jpg,w
y84_izq.jpg,y
i20_izq.jpg,i
l83_der.jpg,l
c17_izq.jpg,c
a131_der.jpg,a
r73_izq.jpg,r
w49_izq.jpg,w
w59_der.jpg,w
t52_der.jpg,t
p18_der.jpg,p
u100_der.jpg,u
r55_der.jpg,r
p27_izq.jpg,p
v10_izq.jpg,v
p84_der.jpg,p
u8_izq.jpg,u
m9_der.jpg,m
p103_der.jpg,p
a45_der.jpg,a
f7_izq.jpg,f
r65_der.jpg,r
p99_der.jpg,p
i73_der.jpg,i
r79_izq.jpg,r
r57_der.jpg,r
l71_der.jpg,l
a11_izq.jpg,a
w10_izq.jpg,w
t57_izq.jpg,t
a37_izq.jpg,a
l67_izq.jpg,l
i76_der.jpg,i
l54_der.jpg,l
w106_izq.jpg,w
u22_izq.jpg,u
y86_der.jpg,y
b10_izq.jpg,b
i54_der.jpg,i
p20_izq.jpg,p
f3_izq.jpg,f
p154_der.jpg,p
m55_izq.jpg,m
e84_der.jpg,e
a103_der.jpg,a
t44_der.jpg,t
d31_izq.jpg,d
f18_der.jpg,f
t29_der.jpg,t
t83_der.jpg,t
v86_der.jpg,v
w101_izq.jpg,w
u65_der.jpg,u
o36_izq.jpg,o
a87_izq.jpg,a
y92_der.jpg,y
p0_der.jpg,p
c82_der.jpg,c
f77_izq.jpg,f
t103_izq.jpg,t
u42_izq.jpg,u
u86_der.jpg,u
g67_der.jpg,g
d99_der.jpg,d
w74_izq.jpg,w
l52_der.jpg,l
a62_der.jpg,a
d41_izq.jpg,d
y61_izq.jpg,y
s7_der.jpg,s
l63_izq.jpg,l
f17_izq.jpg,f
f6_izq.jpg,f
l92_der.jpg,l
p16_der.jpg,p
d86_izq.jpg,d
h21_der.jpg,h
u10_der.jpg,u
t26_der.jpg,t
u93_der.jpg,u
f21_der.jpg,f
n11_der.jpg,n
g84_izq.jpg,g
a0_der.jpg,a
p45_izq.jpg,p
l6_der.jpg,l
d96_der.jpg,d
b17_izq.jpg,b
t68_izq.jpg,t
e42_der.jpg,e
i100_izq.jpg,i
a54_der.jpg,a
s71_der.jpg,s
e117_der.jpg,e
t69_der.jpg,t
p10_der.jpg,p
d97_der.jpg,d
f106_izq.jpg,f
y33_izq.jpg,y
b59_der.jpg,b
s17_izq.jpg,s
v29_der.jpg,v
s61_der.jpg,s
f87_izq.jpg,f
p71_izq.jpg,p
t17_izq.jpg,t
a23_izq.jpg,a
d0_izq.jpg,d
u100_izq.jpg,u
d46_izq.jpg,d
l105_der.jpg,l
c1_der.jpg,c
g74_der.jpg,g
s19_der.jpg,s
t49_izq.jpg,t
f50_der.jpg,f
t54_der.jpg,t
m62_izq.jpg,m
t93_der.jpg,t
e40_der.jpg,e
c63_izq.jpg,c
p119_izq.jpg,p
i106_izq.jpg,i
t10_der.jpg,t
e113_der.jpg,e
n53_izq.jpg,n
y46_izq.jpg,y
g5_der.jpg,g
c78_izq.jpg,c
r51_der.jpg,r
n2_izq.jpg,n
u73_der.jpg,u
h36_izq.jpg,h
m54_der.jpg,m
n58_izq.jpg,n
f93_der.jpg,f
e46_izq.jpg,e
c11_der.jpg,c
d53_der.jpg,d
f83_izq.jpg,f
r43_izq.jpg,r
f65_izq.jpg,f
e30_der.jpg,e
p178_der.jpg,p
l18_der.jpg,l
r19_der.jpg,r
g112_der.jpg,g
i0_der.jpg,i
u1_der.jpg,u
v106_der.jpg,v
o56_izq.jpg,o
m60_izq.jpg,m
h90_der.jpg,h
u8_der.jpg,u
s30_izq.jpg,s
h29_izq.jpg,h
u11_izq.jpg,u
l14_der.jpg,l
i3_der.jpg,i
u16_der.jpg,u
y73_der.jpg,y
t25_der.jpg,t
v19_der.jpg,v
e91_der.jpg,e
f81_der.jpg,f
c44_izq.jpg,c
n38_izq.jpg,n
e78_izq.jpg,e
a38_der.jpg,a
i92_der.jpg,i
i83_der.jpg,i
g50_der.jpg,g
l15_izq.jpg,l
r42_izq.jpg,r
d87_izq.jpg,d
a133_der.jpg,a
p90_der.jpg,p
t25_izq.jpg,t
o67_der.jpg,o
h25_der.jpg,h
c67_izq.jpg,c
u2_der.jpg,u
a0_izq.jpg,a
i33_izq.jpg,i
c70_izq.jpg,c
d61_izq.jpg,d
w26_izq.jpg,w
w103_izq.jpg,w
y48_der.jpg,y
v13_der.jpg,v
s18_der.jpg,s
f55_izq.jpg,f
t2_der.jpg,t
b5_der.jpg,b
g38_izq.jpg,g
f6_der.jpg,f
w104_der.jpg,w
o0_der.jpg,o
c0_der.jpg,c
r13_der.jpg,r
t41_izq.jpg,t
i84_der.jpg,i
t84_der.jpg,t
h19_der.jpg,h
y46_der.jpg,y
p76_izq.jpg,p
t5_izq.jpg,t
e73_izq.jpg,e
r80_izq.jpg,r
t12_der.jpg,t
u60_izq.jpg,u
i84_izq.jpg,i
s16_der.jpg,s
w73_der.jpg,w
i5_der.jpg,i
l59_izq.jpg,l
i87_izq.jpg,i
f80_izq.jpg,f
p34_izq.jpg,p
l21_der.jpg,l
t51_izq.jpg,t
y36_izq.jpg,y
u31_der.jpg,u
w79_der.jpg,w
i85_izq.jpg,i
a89_izq.jpg,a
u0_der.jpg,u
m79_izq.jpg,m
l103_der.jpg,l
f107_izq.jpg,f
t76_izq.jpg,t
l78_izq.jpg,l
r2_der.jpg,r
m40_izq.jpg,m
s45_izq.jpg,s
h85_izq.jpg,h
f89_izq.jpg,f
e21_der.jpg,e
d138_der.jpg,d
u77_der.jpg,u
e92_der.jpg,e
g42_der.jpg,g
o78_der.jpg,o
d60_der.jpg,d
f96_der.jpg,f
g72_der.jpg,g
i57_der.jpg,i
a136_der.jpg,a
h44_izq.jpg,h
f87_der.jpg,f
w75_der.jpg,w
s56_der.jpg,s
h26_der.jpg,h
a86_izq.jpg,a
s2_der.jpg,s
c64_izq.jpg,c
y71_izq.jpg,y
f81_izq.jpg,f
p110_izq.jpg,p
b81_der.jpg,b
v26_der.jpg,v
y55_izq.jpg,y
g28_izq.jpg,g
u51_izq.jpg,u
w108_izq.jpg,w
d116_der.jpg,d
b82_der.jpg,b
l22_izq.jpg,l
v9_izq.jpg,v
f90_izq.jpg,f
u63_der.jpg,u
a38_izq.jpg,a
u61_der.jpg,u
r26_izq.jpg,r
h14_izq.jpg,h
h102_der.jpg,h
r40_der.jpg,r
o50_der.jpg,o
y84_der.jpg,y
w44_izq.jpg,w
v42_der.jpg,v
i88_der.jpg,i
a70_izq.jpg,a
r64_izq.jpg,r
i19_der.jpg,i
p54_izq.jpg,p
f109_izq.jpg,f
t87_der.jpg,t
n50_izq.jpg,n
l3_der.jpg,l
c60_der.jpg,c
s49_der.jpg,s
v86_izq.jpg,v
i6_der.jpg,i
y70_izq.jpg,y
o59_der.jpg,o
a142_der.jpg,a
u62_izq.jpg,u
i37_der.jpg,i
w71_izq.jpg,w
c21_izq.jpg,c
s14_izq.jpg,s
a81_izq.jpg,a
n71_der.jpg,n
a106_izq.jpg,a
a20_der.jpg,a
w53_izq.jpg,w
y50_izq.jpg,y
g101_der.jpg,g
f93_izq.jpg,f
d89_izq.jpg,d
d80_der.jpg,d
a71_izq.jpg,a
l38_izq.jpg,l
r88_der.jpg,r
n6_der.jpg,n
e74_der.jpg,e
o86_izq.jpg,o
d36_izq.jpg,d
y82_izq.jpg,y
v6_der.jpg,v
h32_der.jpg,h
t16_der.jpg,t
b14_izq.jpg,b
t55_izq.jpg,t
t120_izq.jpg,t
t22_der.jpg,t
p19_der.jpg,p
f45_izq.jpg,f
m78_izq.jpg,m
y65_der.jpg,y
w93_izq.jpg,w
y42_der.jpg,y
g20_izq.jpg,g
c22_der.jpg,c
s31_izq.jpg,s
l73_der.jpg,l
p105_der.jpg,p
o17_izq.jpg,o
s1_izq.jpg,s
b2_izq.jpg,b
e26_izq.jpg,e
l35_der.jpg,l
p38_der.jpg,p
o24_der.jpg,o
p2_der.jpg,p
s5_der.jpg,s
y0_izq.jpg,y
b108_der.jpg,b
t117_izq.jpg,t
y42_izq.jpg,y
u95_izq.jpg,u
o80_der.jpg,o
u101_izq.jpg,u
l94_der.jpg,l
t97_der.jpg,t
g80_der.jpg,g
g27_der.jpg,g
m24_izq.jpg,m
s39_izq.jpg,s
b23_der.jpg,b
u50_izq.jpg,u
d83_der.jpg,d
u91_izq.jpg,u
u19_izq.jpg,u
d41_der.jpg,d
s90_der.jpg,s
v0_der.jpg,v
i86_der.jpg,i
c80_der.jpg,c
f38_der.jpg,f
t45_der.jpg,t
a34_der.jpg,a
a26_der.jpg,a
c25_der.jpg,c
r71_izq.jpg,r
p136_der.jpg,p
p32_der.jpg,p
l36_izq.jpg,l
h42_izq.jpg,h
g65_izq.jpg,g
p133_der.jpg,p
h96_der.jpg,h
w98_der.jpg,w
p28_der.jpg,p
a105_izq.jpg,a
c68_izq.jpg,c
o71_izq.jpg,o
f28_izq.jpg,f
p30_izq.jpg,p
c66_izq.jpg,c
a102_der.jpg,a
r0_der.jpg,r
h22_der.jpg,h
e70_izq.jpg,e
e108_der.jpg,e
r33_izq.jpg,r
l30_der.jpg,l
a121_der.jpg,a
w94_der.jpg,w
c15_der.jpg,c
s17_der.jpg,s
e22_izq.jpg,e
l79_izq.jpg,l
h0_der.jpg,h
d9_der.jpg,d
y13_der.jpg,y
r41_izq.jpg,r
t4_der.jpg,t
u4_der.jpg,u
r78_izq.jpg,r
e35_der.jpg,e
w61_der.jpg,w
w81_der.jpg,w
d102_izq.jpg,d
r45_der.jpg,r
s37_der.jpg,s
g32_izq.jpg,g
g87_izq.jpg,g
o44_der.jpg,o
w23_der.jpg,w
v67_izq.jpg,v
h94_der.jpg,h
c68_der.jpg,c
y82_der.jpg,y
r8_der.jpg,r
i58_izq.jpg,i
f92_der.jpg,f
p170_der.jpg,p
b73_izq.jpg,b
p136_izq.jpg,p
p5_der.jpg,p
t89_izq.jpg,t
b77_izq.jpg,b
g111_der.jpg,g
y61_der.jpg,y
t21_der.jpg,t
e95_der.jpg,e
a72_der.jpg,a
y2_der.jpg,y
d17_izq.jpg,d
p46_der.jpg,p
w110_izq.jpg,w
w111_der.jpg,w
w92_izq.jpg,w
r17_der.jpg,r
e93_der.jpg,e
f26_der.jpg,f
a151_der.jpg,a
g102_izq.jpg,g
u65_izq.jpg,u
r66_der.jpg,r
l40_der.jpg,l
e56_izq.jpg,e
s15_der.jpg,s
s12_izq.jpg,s
i85_der.jpg,i
d88_der.jpg,d
g81_der.jpg,g
s50_der.jpg,s
l58_der.jpg,l
f59_izq.jpg,f
b48_der.jpg,b
t111_izq.jpg,t
o23_izq.jpg,o
l17_der.jpg,l
p132_der.jpg,p
v102_der.jpg,v
n27_izq.jpg,n
u52_izq.jpg,u
g3_izq.jpg,g
p13_izq.jpg,p
p51_der.jpg,p
o3_der.jpg,o
m48_der.jpg,m
p35_der.jpg,p
h0_izq.jpg,h
e81_der.jpg,e
r71_der.jpg,r
f98_izq.jpg,f
f15_der.jpg,f
i80_der.jpg,i
v73_izq.jpg,v
w32_der.jpg,w
u30_der.jpg,u
i72_der.jpg,i
u44_der.jpg,u
a29_izq.jpg,a
d135_der.jpg,d
o61_der.jpg,o
d89_der.jpg,d
s82_izq.jpg,s
a101_izq.jpg,a
y81_der.jpg,y
w96_izq.jpg,w
u83_izq.jpg,u
o84_der.jpg,o
a35_der.jpg,a
i8_der.jpg,i
i26_der.jpg,i
d44_der.jpg,d
d14_der.jpg,d
o81_der.jpg,o
h59_izq.jpg,h
u17_der.jpg,u
u47_der.jpg,u
a111_der.jpg,a
s2_izq.jpg,s
d7_izq.jpg,d
i76_izq.jpg,i
h40_der.jpg,h
i71_izq.jpg,i
l4_izq.jpg,l
t13_izq.jpg,t
f78_der.jpg,f
a106_der.jpg,a
e44_der.jpg,e
p50_izq.jpg,p
l11_der.jpg,l
r85_izq.jpg,r
a59_der.jpg,a
v94_izq.jpg,v
u46_der.jpg,u
c65_izq.jpg,c
a13_der.jpg,a
l65_der.jpg,l
h20_der.jpg,h
b57_der.jpg,b
a5_der.jpg,a
g61_izq.jpg,g
c19_izq.jpg,c
i50_izq.jpg,i
w65_der.jpg,w
p147_izq.jpg,p
l61_izq.jpg,l
e107_der.jpg,e
p165_der.jpg,p
f8_der.jpg,f
u71_izq.jpg,u
d100_der.jpg,d
t74_der.jpg,t
p73_der.jpg,p
i63_izq.jpg,i
y67_izq.jpg,y
m68_izq.jpg,m
h67_der.jpg,h
t85_der.jpg,t
a4_der.jpg,a
h60_der.jpg,h
f82_der.jpg,f
u38_der.jpg,u
i103_izq.jpg,i
y15_der.jpg,y
m52_izq.jpg,m
p93_izq.jpg,p
t96_izq.jpg,t
l9_der.jpg,l
v50_izq.jpg,v
v33_izq.jpg,v
t106_izq.jpg,t
p139_der.jpg,p
a143_der.jpg,a
c71_izq.jpg,c
p106_izq.jpg,p
p53_der.jpg,p
u25_izq.jpg,u
p59_izq.jpg,p
d15_der.jpg,d
t90_izq.jpg,t
t33_der.jpg,t
a103_izq.jpg,a
g104_izq.jpg,g
u54_izq.jpg,u
d2_izq.jpg,d
o65_izq.jpg,o
f20_izq.jpg,f
a16_der.jpg,a
l46_der.jpg,l
r93_der.jpg,r
a123_der.jpg,a
a118_der.jpg,a
g41_izq.jpg,g
d94_der.jpg,d
o8_der.jpg,o
s44_izq.jpg,s
s52_izq.jpg,s
c46_izq.jpg,c
m12_der.jpg,m
n48_izq.jpg,n
b9_der.jpg,b
v15_izq.jpg,v
a70_der.jpg,a
c63_der.jpg,c
v59_der.jpg,v
t87_izq.jpg,t
l79_der.jpg,l
v45_der.jpg,v
g32_der.jpg,g
t30_der.jpg,t
d74_izq.jpg,d
n66_der.jpg,n
h56_izq.jpg,h
a61_izq.jpg,a
f32_izq.jpg,f
b115_der.jpg,b
d30_der.jpg,d
w114_der.jpg,w
s46_izq.jpg,s
e76_izq.jpg,e
r53_der.jpg,r
i35_izq.jpg,i
y15_izq.jpg,y
y21_izq.jpg,y
h5_izq.jpg,h
u19_der.jpg,u
u3_der.jpg,u
a90_izq.jpg,a
a144_der.jpg,a
g47_der.jpg,g
i102_izq.jpg,i
l50_izq.jpg,l
p98_izq.jpg,p
u18_der.jpg,u
w9_izq.jpg,w
u22_der.jpg,u
b40_der.jpg,b
h75_izq.jpg,h
y83_izq.jpg,y
d22_izq.jpg,d
i62_izq.jpg,i
d44_izq.jpg,d
g60_der.jpg,g
n1_izq.jpg,n
w24_der.jpg,w
l67_der.jpg,l
g96_der.jpg,g
a104_izq.jpg,a
g91_izq.jpg,g
f94_izq.jpg,f
t122_izq.jpg,t
g89_der.jpg,g
w8_der.jpg,w
i17_izq.jpg,i
f115_der.jpg,f
o75_der.jpg,o
w108_der.jpg,w
c76_izq.jpg,c
o70_izq.jpg,o
o41_der.jpg,o
p86_der.jpg,p
d65_der.jpg,d
l69_izq.jpg,l
t18_der.jpg,t
t47_der.jpg,t
a37_der.jpg,a
y17_der.jpg,y
w35_der.jpg,w
r22_izq.jpg,r
p11_izq.jpg,p
a39_izq.jpg,a
y32_izq.jpg,y
a114_der.jpg,a
c77_der.jpg,c
m72_der.jpg,m
o50_izq.jpg,o
p6_izq.jpg,p
a91_izq.jpg,a
c28_der.jpg,c
w44_der.jpg,w
t32_der.jpg,t
p115_izq.jpg,p
i2_der.jpg,i
o79_der.jpg,o
h8_der.jpg,h
g29_izq.jpg,g
g80_izq.jpg,g
s74_izq.jpg,s
u33_izq.jpg,u
c72_izq.jpg,c
g60_izq.jpg,g
o71_der.jpg,o
n69_der.jpg,n
g7_izq.jpg,g
c48_der.jpg,c
y5_der.jpg,y
n88_izq.jpg,n
d101_der.jpg,d
y55_der.jpg,y
v55_izq.jpg,v
p18_izq.jpg,p
f19_der.jpg,f
v93_izq.jpg,v
u28_izq.jpg,u
m82_izq.jpg,m
p173_der.jpg,p
c16_der.jpg,c
a126_der.jpg,a
c26_izq.jpg,c
u68_der.jpg,u
r66_izq.jpg,r
p88_izq.jpg,p
a94_izq.jpg,a
o89_izq.jpg,o
a1_izq.jpg,a
s73_izq.jpg,s
a140_der.jpg,a
s48_izq.jpg,s
s47_izq.jpg,s
s56_izq.jpg,s
t94_der.jpg,t
u21_der.jpg,u
e62_der.jpg,e
l60_izq.jpg,l
d91_der.jpg,d
f95_izq.jpg,f
e41_der.jpg,e
c66_der.jpg,c
p117_izq.jpg,p
a110_der.jpg,a
u97_der.jpg,u
r76_izq.jpg,r
u79_izq.jpg,u
p19_izq.jpg,p
p122_izq.jpg,p
d5_izq.jpg,d
o39_der.jpg,o
c40_izq.jpg,c
f47_der.jpg,f
h79_izq.jpg,h
y31_der.jpg,y
i54_izq.jpg,i
p41_izq.jpg,p
p95_der.jpg,p
b70_der.jpg,b
c41_izq.jpg,c
v43_der.jpg,v
a146_der.jpg,a
w106_der.jpg,w
e2_izq.jpg,e
f33_der.jpg,f
s88_izq.jpg,s
d2_der.jpg,d
e111_der.jpg,e
o77_der.jpg,o
n59_der.jpg,n
f33_izq.jpg,f
v54_der.jpg,v
p161_der.jpg,p
o6_izq.jpg,o
t91_der.jpg,t
s8_der.jpg,s
e61_der.jpg,e
t44_izq.jpg,t
e110_der.jpg,e
a90_der.jpg,a
m26_izq.jpg,m
r14_izq.jpg,r
o30_der.jpg,o
f64_izq.jpg,f
e96_der.jpg,e
p159_der.jpg,p
i70_izq.jpg,i
l88_der.jpg,l
o37_der.jpg,o
l5_der.jpg,l
r7_der.jpg,r
l88_izq.jpg,l
s53_izq.jpg,s
o1_der.jpg,o
e79_der.jpg,e
e103_der.jpg,e
m67_der.jpg,m
p116_izq.jpg,p
d4_der.jpg,d
g29_der.jpg,g
d93_izq.jpg,d
u34_izq.jpg,u
l100_der.jpg,l
u98_der.jpg,u
g40_izq.jpg,g
n37_izq.jpg,n
i105_izq.jpg,i
c49_izq.jpg,c
w45_der.jpg,w
y43_der.jpg,y
g17_der.jpg,g
e85_der.jpg,e
f113_der.jpg,f
n54_izq.jpg,n
w1_izq.jpg,w
p152_izq.jpg,p
l31_izq.jpg,l
i2_izq.jpg,i
v45_izq.jpg,v
u89_der.jpg,u
y44_der.jpg,y
y25_izq.jpg,y
l32_der.jpg,l
y88_der.jpg,y
b51_izq.jpg,b
a49_der.jpg,a
c7_der.jpg,c
d33_der.jpg,d
b1_izq.jpg,b
v35_der.jpg,v
s50_izq.jpg,s
y58_der.jpg,y
u83_der.jpg,u
f34_der.jpg,f
e1_izq.jpg,e
u70_der.jpg,u
u27_der.jpg,u
e30_izq.jpg,e
u58_izq.jpg,u
e20_der.jpg,e
m4_der.jpg,m
p97_der.jpg,p
d76_der.jpg,d
t11_izq.jpg,t
e41_izq.jpg,e
s60_izq.jpg,s
u98_izq.jpg,u
p20_der.jpg,p
b22_der.jpg,b
d70_izq.jpg,d
a89_der.jpg,a
l13_izq.jpg,l
u32_izq.jpg,u
i32_der.jpg,i
b26_der.jpg,b
y97_der.jpg,y
n26_der.jpg,n
p164_der.jpg,p
t97_izq.jpg,t
u31_izq.jpg,u
e9_der.jpg,e
n16_izq.jpg,n
s83_der.jpg,s
w66_der.jpg,w
g62_izq.jpg,g
h12_der.jpg,h
i93_izq.jpg,i
n39_izq.jpg,n
i70_der.jpg,i
c4_izq.jpg,c
r73_der.jpg,r
u74_izq.jpg,u
a51_izq.jpg,a
w98_izq.jpg,w
m30_izq.jpg,m
y91_der.jpg,y
a147_der.jpg,a
w89_der.jpg,w
o70_der.jpg,o
b58_izq.jpg,b
l77_der.jpg,l
l65_izq.jpg,l
o53_der.jpg,o
c14_izq.jpg,c
l73_izq.jpg,l
d54_izq.jpg,d
g84_der.jpg,g
e54_izq.jpg,e
c17_der.jpg,c
d45_izq.jpg,d
v77_izq.jpg,v
i49_izq.jpg,i
i37_izq.jpg,i
w67_izq.jpg,w
o75_izq.jpg,o
e68_izq.jpg,e
w47_der.jpg,w
h73_izq.jpg,h
c42_izq.jpg,c
l72_der.jpg,l
t24_der.jpg,t
n58_der.jpg,n
o68_der.jpg,o
l68_izq.jpg,l
f37_izq.jpg,f
s67_der.jpg,s
u32_der.jpg,u
u13_der.jpg,u
p21_der.jpg,p
l98_der.jpg,l
d120_izq.jpg,d
b62_der.jpg,b
d5_der.jpg,d
f52_izq.jpg,f
s32_der.jpg,s
g97_izq.jpg,g
w50_der.jpg,w
w49_der.jpg,w
a9_izq.jpg,a
w16_der.jpg,w
v61_izq.jpg,v
f41_izq.jpg,f
c86_izq.jpg,c
w57_izq.jpg,w
d15_izq.jpg,d
